{
  "timestamp": "2026-04-04T01:01:45.223Z",
  "options": {
    "a": "benchmark.js",
    "b": "temp_tuner.mjs",
    "suite": "fixed_test_suite.json",
    "boards": 30,
    "target": 8,
    "mode": "horizontal",
    "priority": "combo",
    "skyfall": true,
    "diagonal": true,
    "autoRow0Expanded": false,
    "initTargetCombo": -1,
    "warmup": 3,
    "config": {
      "beamWidth": 350,
      "maxSteps": 30,
      "maxNodes": 50000,
      "stepPenalty": 0,
      "potentialWeight": 10,
      "clearedWeight": 300
    },
    "ruleProfile": {
      "requirements": []
    },
    "special": [],
    "output": "reports/ab_sync_combo_h.json"
  },
  "solverA": "D:\\桌面\\code\\ComboAuto\\benchmark.js",
  "solverB": "D:\\桌面\\code\\ComboAuto\\temp_tuner.mjs",
  "resultA": {
    "name": "A",
    "cases": 30,
    "errors": 0,
    "avgMs": 2572.731096666667,
    "p95Ms": 3077.6693000000087,
    "avgStepsTop1": 16.1,
    "avgCombosTop1": 7.066666666666666,
    "avgTop1Quality": 7050.566666666667,
    "avgNodes": 39432.333333333336,
    "top1HitRate": 26.666666666666668,
    "top10HitRate": 26.666666666666668,
    "top1RequirementRate": 100,
    "top10RequirementRate": 100,
    "top1SpecialRate": 100,
    "top10SpecialRate": 100,
    "top1InitRate": 100,
    "top10InitRate": 100
  },
  "resultB": {
    "name": "B",
    "cases": 30,
    "errors": 0,
    "avgMs": 1073.9322733333324,
    "p95Ms": 1399.9172000000108,
    "avgStepsTop1": 17.966666666666665,
    "avgCombosTop1": 6.866666666666666,
    "avgTop1Quality": 6848.7,
    "avgNodes": 41706.96666666667,
    "top1HitRate": 23.333333333333332,
    "top10HitRate": 23.333333333333332,
    "top1RequirementRate": 100,
    "top10RequirementRate": 100,
    "top1SpecialRate": 100,
    "top10SpecialRate": 100,
    "top1InitRate": 100,
    "top10InitRate": 100
  },
  "delta": {
    "top1Hit": -3.3333333333333357,
    "top10Hit": -3.3333333333333357,
    "top1Requirement": 0,
    "top10Requirement": 0,
    "top1Special": 0,
    "top10Special": 0,
    "top1Init": 0,
    "top10Init": 0,
    "avgStepsTop1": 1.8666666666666636,
    "avgCombosTop1": -0.20000000000000018,
    "avgTop1Quality": -201.8666666666668,
    "avgMs": -1498.7988233333344,
    "p95Ms": -1677.7520999999979,
    "avgNodes": 2274.6333333333314
  }
}