{
  "timestamp": "2026-04-04T01:09:58.085Z",
  "options": {
    "a": "benchmark.js",
    "b": "temp_tuner.mjs",
    "suite": "fixed_test_suite.json",
    "boards": 30,
    "target": 8,
    "mode": "horizontal",
    "priority": "steps",
    "skyfall": true,
    "diagonal": true,
    "autoRow0Expanded": false,
    "initTargetCombo": -1,
    "warmup": 3,
    "config": {
      "beamWidth": 350,
      "maxSteps": 30,
      "maxNodes": 50000,
      "stepPenalty": 0,
      "potentialWeight": 10,
      "clearedWeight": 300
    },
    "ruleProfile": {
      "requirements": []
    },
    "special": [],
    "output": "reports/ab_sync_steps_h_tuned3.json"
  },
  "solverA": "D:\\桌面\\code\\ComboAuto\\benchmark.js",
  "solverB": "D:\\桌面\\code\\ComboAuto\\temp_tuner.mjs",
  "resultA": {
    "name": "A",
    "cases": 30,
    "errors": 0,
    "avgMs": 1965.714733333333,
    "p95Ms": 2347.176800000001,
    "avgStepsTop1": 19.1,
    "avgCombosTop1": 7.3,
    "avgTop1Quality": -19092.7,
    "avgNodes": 41268.333333333336,
    "top1HitRate": 40,
    "top10HitRate": 40,
    "top1RequirementRate": 100,
    "top10RequirementRate": 100,
    "top1SpecialRate": 100,
    "top10SpecialRate": 100,
    "top1InitRate": 100,
    "top10InitRate": 100
  },
  "resultB": {
    "name": "B",
    "cases": 30,
    "errors": 0,
    "avgMs": 2164.870536666667,
    "p95Ms": 2650.6514000000025,
    "avgStepsTop1": 7.266666666666667,
    "avgCombosTop1": 3.3,
    "avgTop1Quality": -7263.366666666667,
    "avgNodes": 45327.433333333334,
    "top1HitRate": 36.666666666666664,
    "top10HitRate": 36.666666666666664,
    "top1RequirementRate": 100,
    "top10RequirementRate": 100,
    "top1SpecialRate": 100,
    "top10SpecialRate": 100,
    "top1InitRate": 100,
    "top10InitRate": 100
  },
  "delta": {
    "top1Hit": -3.3333333333333357,
    "top10Hit": -3.3333333333333357,
    "top1Requirement": 0,
    "top10Requirement": 0,
    "top1Special": 0,
    "top10Special": 0,
    "top1Init": 0,
    "top10Init": 0,
    "avgStepsTop1": -11.833333333333336,
    "avgCombosTop1": -4,
    "avgTop1Quality": 11829.333333333334,
    "avgMs": 199.15580333333378,
    "p95Ms": 303.4746000000014,
    "avgNodes": 4059.0999999999985
  }
}