{
  "timestamp": "2026-04-04T01:04:34.700Z",
  "options": {
    "a": "benchmark.js",
    "b": "temp_tuner.mjs",
    "suite": "fixed_test_suite.json",
    "boards": 30,
    "target": 8,
    "mode": "horizontal",
    "priority": "combo",
    "skyfall": true,
    "diagonal": true,
    "autoRow0Expanded": false,
    "initTargetCombo": -1,
    "warmup": 3,
    "config": {
      "beamWidth": 350,
      "maxSteps": 30,
      "maxNodes": 50000,
      "stepPenalty": 0,
      "potentialWeight": 10,
      "clearedWeight": 300
    },
    "ruleProfile": {
      "requirements": []
    },
    "special": [],
    "output": "reports/ab_sync_combo_h_tuned.json"
  },
  "solverA": "D:\\桌面\\code\\ComboAuto\\benchmark.js",
  "solverB": "D:\\桌面\\code\\ComboAuto\\temp_tuner.mjs",
  "resultA": {
    "name": "A",
    "cases": 30,
    "errors": 0,
    "avgMs": 2384.1332066666655,
    "p95Ms": 3034.8412999999855,
    "avgStepsTop1": 16.1,
    "avgCombosTop1": 7.066666666666666,
    "avgTop1Quality": 7050.566666666667,
    "avgNodes": 39432.333333333336,
    "top1HitRate": 26.666666666666668,
    "top10HitRate": 26.666666666666668,
    "top1RequirementRate": 100,
    "top10RequirementRate": 100,
    "top1SpecialRate": 100,
    "top10SpecialRate": 100,
    "top1InitRate": 100,
    "top10InitRate": 100
  },
  "resultB": {
    "name": "B",
    "cases": 30,
    "errors": 0,
    "avgMs": 1268.6336766666666,
    "p95Ms": 1610.8099000000075,
    "avgStepsTop1": 19.1,
    "avgCombosTop1": 7.133333333333334,
    "avgTop1Quality": 7114.233333333334,
    "avgNodes": 46493.5,
    "top1HitRate": 26.666666666666668,
    "top10HitRate": 26.666666666666668,
    "top1RequirementRate": 100,
    "top10RequirementRate": 100,
    "top1SpecialRate": 100,
    "top10SpecialRate": 100,
    "top1InitRate": 100,
    "top10InitRate": 100
  },
  "delta": {
    "top1Hit": 0,
    "top10Hit": 0,
    "top1Requirement": 0,
    "top10Requirement": 0,
    "top1Special": 0,
    "top10Special": 0,
    "top1Init": 0,
    "top10Init": 0,
    "avgStepsTop1": 3,
    "avgCombosTop1": 0.06666666666666732,
    "avgTop1Quality": 63.66666666666697,
    "avgMs": -1115.499529999999,
    "p95Ms": -1424.031399999978,
    "avgNodes": 7061.166666666664
  }
}