{
  "best_epoch": 16,
  "best_val_spearman": 0.7484086537174902,
  "valid": {
    "loss": 1.1665720582962036,
    "mse": 3.0970600452423094,
    "mae": 1.3978911436080932,
    "spearman": 0.7484086537174902,
    "kendall": 0.5487223420914386
  },
  "test": {
    "loss": 1.1698318206787108,
    "mse": 3.0986562351226805,
    "mae": 1.4011400581359863,
    "spearman": 0.7576459617414093,
    "kendall": 0.557398727784266
  }
}